#SampleID	BarcodeSequence	LinkerPrimerSequence	SampleType	Year	Month	Day	SampleLongitude	SampleLatitude	SampleDepth	SampleFootFall	SampleVegetation	SampleWeatherTemp	SampleMoisture	SamplePh	SamplePotassium	SampleNitrogen	SamplePhosphorus	Description
515rcbc8	GACTCAACCAGT	GTGYCAGCMGCCGCGGTAA	soil	2017	10	17	51.5248	-0.131	12.5	none	none	15	dry	5	16	2	32	team1
515rcbc9	GCCTCTACGTCG	GTGYCAGCMGCCGCGGTAA	soil	2017	10	17	51.52477	-0.13122	10	none	none	15	dry	6	2	2	4	team2
515rcbc10	ACTACTGAGGAT	GTGYCAGCMGCCGCGGTAA	soil	2017	10	17	51.5241141	-0.1312857	10	none	none	15	dry	9	2	16	16	team3
515rcbc11	AATTCACCTCCT	GTGYCAGCMGCCGCGGTAA	soil	2017	10	17	51.5245	-0.1316	9.5	none	shrubs	14	moist	5	2	4	32	team4
515rcbc12	CGTATAAATGCG	GTGYCAGCMGCCGCGGTAA	soil	2017	10	17	51.535722	-0.159251	3	none	none	14	moist	5	16	2	16	team5
515rcbc13	ATGCTGCAACAC	GTGYCAGCMGCCGCGGTAA	soil	2017	10	17	51.52453	-0.13123	11.5	none	grass	15	moist	5	4	4	16	team6
515rcbc14	ACTCGCTCGCTG	GTGYCAGCMGCCGCGGTAA	soil	2017	10	17	51.52461	-0.13103	10.5	none	grass	15	dry	5	2	2	4	team7
515rcbc15	TTCCTTAGTAGT	GTGYCAGCMGCCGCGGTAA	soil	2017	10	17	51.5244	-0.1309	7	none	grass	14	moist	5	16	2	16	team8
515rcbc16	CGTCCGTATGAA	GTGYCAGCMGCCGCGGTAA	soil	2017	10	17	51.52457	-0.13064	15	none	shrubs	14	moist	5	2	2	4	team9
515rcbc17	ACGTGAGGAACG	GTGYCAGCMGCCGCGGTAA	soil	2017	10	17	51.524641	-0.131086	10.8	none	none	14	dry	5	16	2	4	team10
515rcbc18	GGTTGCCCTGTA	GTGYCAGCMGCCGCGGTAA	soil	2017	10	17	51.5242733	-0.1307983	14	none	shrubs	14	moist	8	2	4	16	team11
515rcbc19	CATATAGCCCGA	GTGYCAGCMGCCGCGGTAA	soil	2017	10	17	51.5242961	-0.13133	16	none	shrubs	15	dry	9	2	2	16	team12
515rcbc20	GCCTATGAGATC	GTGYCAGCMGCCGCGGTAA	soil	2017	10	17	51.565109	-0.09202	10	none	mycelium	13	dry	5	16	32	32	team13
515rcbc21	CAAGTGAAGGGA	GTGYCAGCMGCCGCGGTAA	soil	2017	10	17	51.5243	-0.1309	10	none	grass	14	moist	9	4	4	4	team14
515rcbc22	CACGTTTATTCC	GTGYCAGCMGCCGCGGTAA	soil	2017	10	17	51.5244	-0.13072	10	none	grass	14	moist	6	4	2	16	team15
515rcbc23	TAATCGGTGCCA	GTGYCAGCMGCCGCGGTAA	soil	2017	10	17	51.52446	-0.13049	14	none	shrubs	14	dry	6	2	2	16	team16
515rcbc24	TGACTAATGGCC	GTGYCAGCMGCCGCGGTAA	soil	2017	10	17	51.524541	-0.131043	3	none	none	14	dry	8	2	16	2	team17
515rcbc25	CGGGACACCCGA	GTGYCAGCMGCCGCGGTAA	soil	2017	10	17	51.52424	-0.13053	9.5	none	grass	14	dry	5	4	2	2	team18
515rcbc26	CTGTCTATACTA	GTGYCAGCMGCCGCGGTAA	soil	2017	10	17	51.52415	-0.13074	15	none	none	15	dry	9	2	2	2	team19
515rcbc27	TATGCCAGAGAT	GTGYCAGCMGCCGCGGTAA	soil	2017	10	17	51.5240476	-0.1310242	10	none	shrubs	14	dry	9	2	2	16	team20
515rcbc28	CGTTTGGAATGA	GTGYCAGCMGCCGCGGTAA	soil	2017	10	17	51.5239	-0.1309	10	high	grass	14	moist	5	4	2	16	team21
515rcbc29	AAGAACTCATGA	GTGYCAGCMGCCGCGGTAA	soil	2017	10	17	51.524339	-0.131135	10	none	tree	14	moist	5	2	4	16	team22
515rcbc30	TGATATCGTCTT	GTGYCAGCMGCCGCGGTAA	soil	2017	10	17	51.5266048	-0.1332937	8.5	none	none	14	dry	8	2	16	4	team23
515rcbc31	CGGTGACCTACT	GTGYCAGCMGCCGCGGTAA	soil	2017	10	17	51.52422	-0.1302	12	none	none	14	dry	8	2	16	16	team24
515rcbc32	AATGCGCGTATA	GTGYCAGCMGCCGCGGTAA	soil	2017	10	17	51.5240065	-0.1300144	10	none	none	14	dry	9	2	4	4	team25
515rcbc33	CTTGATTCTTGA	GTGYCAGCMGCCGCGGTAA	soil	2017	10	17	51.5241	-0.1303	11	none	none	15	dry	9	2	4	4	team26
515rcbc34	GAAATCTTGAAG	GTGYCAGCMGCCGCGGTAA	soil	2017	10	17	51.5241494	-0.130816	10	none	shrubs	15	dry	9	2	2	4	team27
515rcbc35	GAGATACAGTTC	GTGYCAGCMGCCGCGGTAA	soil	2017	10	17	51.5237466	-0.1308888	16	none	none	14	moist	9	2	16	16	team28
515rcbc36	GTGGAGTCTCAT	GTGYCAGCMGCCGCGGTAA	soil	2017	10	17	51.523722	-0.130722	10	none	none	14	moist	8	4	16	16	team29
515rcbc37	ACCTTACACCTT	GTGYCAGCMGCCGCGGTAA	soil	2017	10	17	51.5244894	-0.131737	11	none	grass	14	dry	5	16	16	16	team30